{
  "reward_summary": [
    {
      "name": "BC",
      "n": 1000,
      "mean": 17.83836999999995,
      "std": 6.963045213248351,
      "min": 1.8100000000000005,
      "max": 42.36000000000003,
      "ci95_lo": 17.406280418183265,
      "ci95_hi": 18.270459581816638
    },
    {
      "name": "PPO",
      "n": 1000,
      "mean": 33.28139999999984,
      "std": 3.56407784579567,
      "min": 8.270000000000012,
      "max": 41.61000000000013,
      "ci95_lo": 33.06023226967664,
      "ci95_hi": 33.502567730323044
    }
  ],
  "t_test_reward": {
    "t": -62.43155882597244,
    "p": 0.0
  },
  "cliffs_delta_reward": {
    "d": 0.927471,
    "magnitude": "large"
  },
  "length_summary": [
    {
      "name": "BC",
      "n": 1000,
      "mean": 198.672,
      "std": 88.99186461676128,
      "min": 23.0,
      "max": 530.0,
      "ci95_lo": 193.14963781654305,
      "ci95_hi": 204.19436218345695
    },
    {
      "name": "PPO",
      "n": 1000,
      "mean": 413.789,
      "std": 172.01725615593168,
      "min": 84.0,
      "max": 2400.0,
      "ci95_lo": 403.11452324430536,
      "ci95_hi": 424.4634767556946
    }
  ]
}